{"cameraMode":{"drawMode":0,"name":"Shaded","section":"Shading Mode"},"sceneLighting":false,"audioPlay":false,"sceneViewState":{"showFog":true,"showMaterialUpdate":true,"showSkybox":false,"showFlares":true,"showImageEffects":true,"showParticleSystems":true},"in2DMode":false,"pivot":{"x":92.21940612792969,"y":27.565841674804689,"z":2.436798095703125},"rotation":{"x":-0.08525212109088898,"y":0.055683594197034839,"z":-0.004934498108923435,"w":-0.9947899580001831},"size":1050.43896484375,"orthographic":false}