{"cameraMode":{"drawMode":0,"name":"Shaded","section":"Shading Mode"},"sceneLighting":true,"audioPlay":false,"sceneViewState":{"showFog":true,"showMaterialUpdate":true,"showSkybox":true,"showFlares":true,"showImageEffects":true,"showParticleSystems":true},"in2DMode":false,"pivot":{"x":10.86744499206543,"y":996.6519165039063,"z":-66.54551696777344},"rotation":{"x":-0.229472354054451,"y":-0.23165081441402436,"z":0.056155718863010409,"w":-0.9436773657798767},"size":25.83254623413086,"orthographic":false}