{"cameraMode":{"drawMode":0,"name":"Shaded","section":"Shading Mode"},"sceneLighting":false,"audioPlay":false,"sceneViewState":{"showFog":true,"showMaterialUpdate":true,"showSkybox":false,"showFlares":true,"showImageEffects":true,"showParticleSystems":true},"in2DMode":false,"pivot":{"x":229.14901733398438,"y":100.39622497558594,"z":42.69287109375},"rotation":{"x":-0.07781653106212616,"y":-0.05339343845844269,"z":0.004011180717498064,"w":-0.9955288767814636},"size":896.0380249023438,"orthographic":false}