{"cameraMode":{"drawMode":0,"name":"Shaded","section":"Shading Mode"},"sceneLighting":true,"audioPlay":false,"sceneViewState":{"showFog":true,"showMaterialUpdate":false,"showSkybox":true,"showFlares":true,"showImageEffects":true,"showParticleSystems":true},"in2DMode":false,"pivot":{"x":13.718326568603516,"y":918.6961059570313,"z":-219.51385498046876},"rotation":{"x":0.008565961383283139,"y":-0.976534903049469,"z":0.21152286231517793,"w":0.0395510159432888},"size":71.1570816040039,"orthographic":false}