{"cameraMode":{"drawMode":0,"name":"Shaded","section":"Shading Mode"},"sceneLighting":true,"audioPlay":false,"sceneViewState":{"showFog":true,"showMaterialUpdate":false,"showSkybox":true,"showFlares":true,"showImageEffects":true,"showParticleSystems":true},"in2DMode":false,"pivot":{"x":76.36653900146485,"y":992.1099243164063,"z":-273.5367126464844},"rotation":{"x":-0.4639234244823456,"y":-0.10711944103240967,"z":0.05661611258983612,"w":-0.8775506615638733},"size":31.92388916015625,"orthographic":false}